;name;capital;population;area;language
0;Andorra;Andorra la Vella;84000;468.0;Catalan
1;United Arab Emirates;Abu Dhabi;4975593;82880.0;Arabic
2;Afghanistan;Kabul;29121286;647500.0;Pashto
3;Antigua and Barbuda;St. John's;86754;443.0;English
4;Anguilla;The Valley;13254;102.0;English
5;Albania;Tirana;2986952;28748.0;Albanian
6;Armenia;Yerevan;2968000;29800.0;NO INFORMATION
7;Angola;Luanda;13068161;1246700.0;Portuguese
8;Antarctica;None;0;1.4E7;NO INFORMATION
9;Argentina;Buenos Aires;41343201;2766890.0;Spanish
10;American Samoa;Pago Pago;57881;199.0;
11;Austria;Vienna;8205000;83858.0;German
12;Australia;Canberra;21515754;7686850.0;federal level
13;Aruba;Oranjestad;71566;193.0;Papiamento
14;Åland;Mariehamn;26711;1580.0;Swedish
15;Azerbaijan;Baku;8303512;86600.0;Azerbaijani
16;Bosnia and Herzegovina;Sarajevo;4590000;51129.0;Establishment history
17;Barbados;Bridgetown;285653;431.0;English
18;Bangladesh;Dhaka;156118464;144000.0;Bengali
19;Belgium;Brussels;10403000;30510.0;Dutch
20;Burkina Faso;Ouagadougou;16241811;274200.0;Mooré, Bissa, Dyula, Fulani
21;Bulgaria;Sofia;7148785;110910.0;Bulgarian
22;Bahrain;Manama;738004;665.0;Arabic
23;Burundi;Bujumbura;9863117;27830.0;Establishment history
24;Benin;Porto-Novo;9056010;112620.0;French
25;Saint Barthélemy;Gustavia;8450;21.0;French
26;Bermuda;Hamilton;65365;53.0;English
27;Brunei;Bandar Seri Begawan;395027;5770.0;NO INFORMATION
28;Bolivia;Sucre;9947418;1098580.0;NO INFORMATION
29;Bonaire;Kralendijk;18012;328.0;NO INFORMATION
30;Brazil;Brasília;201103330;8511965.0;Independence
31;Bahamas;Nassau;301790;13940.0;English
32;Bhutan;Thimphu;699847;47000.0;Dzongkha
33;Bouvet Island;None;0;49.0;NO INFORMATION
34;Botswana;Gaborone;2029307;600370.0;English
35;Belarus;Minsk;9685000;207600.0;Belarusian
36;Belize;Belmopan;314522;22966.0;English
37;Canada;Ottawa;33679000;9984670.0;English
38;Cocos [Keeling] Islands;West Island;628;14.0;NO INFORMATION
39;Democratic Republic of the Congo;Kinshasa;70916439;2345410.0;French
40;Central African Republic;Bangui;4844927;622984.0;French
41;Republic of the Congo;Brazzaville;3039126;342000.0;French
42;Switzerland;Bern;7581000;41290.0;German
43;Ivory Coast;Yamoussoukro;21058798;322460.0;French
44;Cook Islands;Avarua;21388;240.0;NO INFORMATION
45;Chile;Santiago;16746491;756950.0;Independence
46;Cameroon;Yaoundé;19294149;475440.0;French
47;China;Beijing;1330044000;9596960.0;NO INFORMATION
48;Colombia;Bogotá;47790000;1138910.0;Spanish
49;Costa Rica;San José;4516220;51100.0;Spanish
50;Cuba;Havana;11423000;110860.0;Spanish
51;Cape Verde;Praia;508659;4033.0;Portuguese
52;Curacao;Willemstad;141766;444.0;Dutch
53;Christmas Island;Flying Fish Cove;1500;135.0;Chinese
54;Cyprus;Nicosia;1102677;9250.0;Greek
55;Czech Republic;Prague;10476000;78866.0;Formation
56;Germany;Berlin;81802257;357021.0;Formation
57;Djibouti;Djibouti;740528;23000.0;French
58;Denmark;Copenhagen;5484000;43094.0;Danish
59;Dominica;Roseau;72813;754.0;English
60;Dominican Republic;Santo Domingo;9823821;48730.0;Spanish
61;Algeria;Algiers;34586184;2381740.0;Arabic
62;Ecuador;Quito;14790608;283560.0;Spanish
63;Estonia;Tallinn;1291170;45226.0;Independence
64;Egypt;Cairo;80471869;1001450.0;Arabic
65;Western Sahara;Laâyoune / El Aaiún;273008;266000.0;see respective claimants
66;Eritrea;Asmara;5792984;121320.0;Tigrinya
67;Spain;Madrid;46505963;504782.0;Formation
68;Ethiopia;Addis Ababa;88013491;1127127.0;Afar
69;Finland;Helsinki;5244000;337030.0;NO INFORMATION
70;Fiji;Suva;875983;18270.0;NO INFORMATION
71;Falkland Islands;Stanley;2638;12173.0;English
72;Micronesia;Palikir;107708;702.0;NO INFORMATION
73;Faroe Islands;Tórshavn;48228;1399.0;Faroese
74;France;Paris;64768389;547030.0;Establishment
75;Gabon;Libreville;1545255;267667.0;French
76;United Kingdom;London;62348447;244820.0;Formation
77;Grenada;St. George's;107818;344.0;English
78;Georgia;Tbilisi;4630000;69700.0;NO INFORMATION
79;French Guiana;Cayenne;195506;91000.0;French
80;Guernsey;St Peter Port;65228;78.0;NO INFORMATION
81;Ghana;Accra;24339838;239460.0;English
82;Gibraltar;Gibraltar;27884;6.5;English
83;Greenland;Nuuk;56375;2166086.0;
84;Gambia;Bathurst;1593256;11300.0;English
85;Guinea;Conakry;10324025;245857.0;French
86;Guadeloupe;Basse-Terre;443000;1780.0;NO INFORMATION
87;Equatorial Guinea;Malabo;1014999;28051.0;Spanish
88;Greece;Athens;11000000;131940.0;Formation of modern Greece
89;South Georgia and the South Sandwich Islands;Grytviken;30;3903.0;NO INFORMATION
90;Guatemala;Guatemala City;13550440;108890.0;Spanish
91;Guam;Hagåtña;159358;549.0;NO INFORMATION
92;Guinea-Bissau;Bissau;1565126;36120.0;Portuguese
93;Guyana;Georgetown;748486;214970.0;English
94;Hong Kong;Hong Kong;6898686;1092.0;NO INFORMATION
95;Heard Island and McDonald Islands;None;0;412.0;NO INFORMATION
96;Honduras;Tegucigalpa;7989415;112090.0;Spanish
97;Croatia;Zagreb;4491000;56542.0;Croatian
98;Haiti;Port-au-Prince;9648924;27750.0;French
99;Hungary;Budapest;9982000;93030.0;NO INFORMATION
100;Indonesia;Jakarta;242968342;1919440.0;NO INFORMATION
101;Ireland;Dublin;4622917;70280.0;NO INFORMATION
102;Israel;None;7353985;20770.0;Hebrew
103;Isle of Man;Douglas;75049;572.0;English
104;India;New Delhi;1173108018;3287590.0;Hindi
105;British Indian Ocean Territory;None;4000;60.0;NO INFORMATION
106;Iraq;Baghdad;29671605;437072.0;Arabic
107;Iran;Tehran;76923300;1648000.0;Persian
108;Iceland;Reykjavik;308910;103000.0;NO INFORMATION
109;Italy;Rome;60340328;301230.0;Italian
110;Jersey;Saint Helier;90812;116.0;NO INFORMATION
111;Jamaica;Kingston;2847232;10991.0;Jamaican English
112;Jordan;Amman;6407085;92300.0;NO INFORMATION
113;Japan;Tokyo;127288000;377835.0;Formation
114;Kenya;Nairobi;40046566;582650.0;NO INFORMATION
115;Kyrgyzstan;Bishkek;5776500;198500.0;Independence
116;Cambodia;Phnom Penh;14453680;181040.0;Khmer
117;Kiribati;Tarawa;92533;811.0;English
118;Comoros;Moroni;773407;2170.0;Comorian
119;Saint Kitts and Nevis;Basseterre;51134;261.0;English
120;North Korea;Pyongyang;22912177;120540.0;Korean
121;South Korea;Seoul;48422644;98480.0;Korean
122;Kuwait;Kuwait City;2789132;17820.0;Arabic
123;Cayman Islands;George Town;44270;262.0;
124;Kazakhstan;Astana;15340000;2717300.0;Kazakh
125;Laos;Vientiane;6368162;236800.0;Lao
126;Lebanon;Beirut;4125247;10400.0;Arabic
127;Saint Lucia;Castries;160922;616.0;[1]
128;Liechtenstein;Vaduz;35000;160.0;German
129;Sri Lanka;Colombo;21513990;65610.0;Sinhala
130;Liberia;Monrovia;3685076;111370.0;English
131;Lesotho;Maseru;1919552;30355.0;English
132;Lithuania;Vilnius;2944459;65200.0;Lithuanian
133;Luxembourg;Luxembourg;497538;2586.0;Luxembourgish
134;Latvia;Riga;2217969;64589.0;Latvian
135;Libya;Tripoli;6461454;1759540.0;Arabic
136;Morocco;Rabat;31627428;446550.0;Arabic
137;Monaco;Monaco;32965;1.95;French
138;Moldova;Chişinău;4324000;33843.0;Romanian
139;Montenegro;Podgorica;666730;14026.0;Montenegrin
140;Saint Martin;Marigot;35925;53.0;NO INFORMATION
141;Madagascar;Antananarivo;21281844;587040.0;Malagasy
142;Marshall Islands;Majuro;65859;181.3;Marshallese
143;Macedonia;Skopje;2062294;25333.0;NO INFORMATION
144;Mali;Bamako;13796354;1240000.0;13 national languagesBambaraBoboBozoDogonFulaniHassaniyya ArabicKassonkeManinkeMinyankaSenufoSonghaySoninkeTamasheq
145;Myanmar [Burma];Naypyitaw;53414374;678500.0;NO INFORMATION
146;Mongolia;Ulan Bator;3086918;1565000.0;Mongolian
147;Macao;Macao;449198;254.0;[2]
148;Northern Mariana Islands;Saipan;53883;477.0;Chamorro
149;Martinique;Fort-de-France;432900;1100.0;NO INFORMATION
150;Mauritania;Nouakchott;3205060;1030700.0;Arabic
151;Montserrat;Plymouth;9341;102.0;NO INFORMATION
152;Malta;Valletta;403000;316.0;Maltese
153;Mauritius;Port Louis;1294104;2040.0;English
154;Maldives;Malé;395650;300.0;Dhivehi (Maldivian)
155;Malawi;Lilongwe;15447500;118480.0;English
156;Mexico;Mexico City;112468855;1972550.0;[a]
157;Malaysia;Kuala Lumpur;28274729;329750.0;Malay
158;Mozambique;Maputo;22061451;801590.0;Portuguese
159;Namibia;Windhoek;2128471;825418.0;English
160;New Caledonia;Noumea;216494;19060.0;NO INFORMATION
161;Niger;Niamey;15878271;1267000.0;Hausa
162;Norfolk Island;Kingston;1828;34.6;English
163;Nigeria;Abuja;154000000;923768.0;English
164;Nicaragua;Managua;5995928;129494.0;Spanish
165;Netherlands;Amsterdam;16645000;41526.0;Dutch
166;Norway;Oslo;5009150;324220.0;Norwegian
167;Nepal;Kathmandu;28951852;140800.0;Nepali
168;Nauru;Yaren;10065;21.0;English
169;Niue;Alofi;2166;260.0;Niuean
170;New Zealand;Wellington;4252277;268680.0;NO INFORMATION
171;Oman;Muscat;2967717;212460.0;Arabic
172;Panama;Panama City;3410676;78200.0;Spanish
173;Peru;Lima;29907003;1285220.0;Independence
174;French Polynesia;Papeete;270485;4167.0;French
175;Papua New Guinea;Port Moresby;6064515;462840.0;Independence
176;Philippines;Manila;99900177;300000.0;Filipino
177;Pakistan;Islamabad;184404791;803940.0;Urdu
178;Poland;Warsaw;38500000;312685.0;Formation
179;Saint Pierre and Miquelon;Saint-Pierre;7012;242.0;French
180;Pitcairn Islands;Adamstown;46;47.0;Pitcairn, Henderson, Ducie and Oeno Islands
181;Puerto Rico;San Juan;3916632;9104.0;Spanish
182;Palestine;None;3800000;5970.0;NO INFORMATION
183;Portugal;Lisbon;10676000;92391.0;Portuguese
184;Palau;Melekeok;19907;458.0;English
185;Paraguay;Asunción;6375830;406750.0;Spain
186;Qatar;Doha;840926;11437.0;Arabic
187;Réunion;Saint-Denis;776948;2517.0;NO INFORMATION
188;Romania;Bucharest;21959278;237500.0;Romanian
189;Serbia;Belgrade;7344847;88361.0;Serbian
190;Russia;Moscow;140702000;1.71E7;NO INFORMATION
191;Rwanda;Kigali;11055976;26338.0;Kinyarwanda
192;Saudi Arabia;Riyadh;25731776;1960582.0;Arabic
193;Solomon Islands;Honiara;559198;28450.0;English
194;Seychelles;Victoria;88340;455.0;French
195;Sudan;Khartoum;35000000;1861484.0;ArabicEnglish
196;Sweden;Stockholm;9828655;449964.0;Swedish
197;Singapore;Singapore;4701069;692.7;English
198;Saint Helena;Jamestown;7460;410.0;
199;Slovenia;Ljubljana;2007000;20273.0;Slovene
200;Svalbard and Jan Mayen;Longyearbyen;2550;62049.0;NO INFORMATION
201;Slovakia;Bratislava;5455000;48845.0;Slovak
202;Sierra Leone;Freetown;5245695;71740.0;English
203;San Marino;San Marino;31477;61.2;Italian
204;Senegal;Dakar;12323252;196190.0;French
205;Somalia;Mogadishu;10112453;637657.0;Somali
206;Suriname;Paramaribo;492829;163270.0;Dutch
207;South Sudan;Juba;8260490;644329.0;English
208;São Tomé and Príncipe;São Tomé;175808;1001.0;Portuguese
209;El Salvador;San Salvador;6052064;21040.0;Spanish
210;Sint Maarten;Philipsburg;37429;21.0;
211;Syria;Damascus;22198110;185180.0;NO INFORMATION
212;Swaziland;Mbabane;1354051;17363.0;English
213;Turks and Caicos Islands;Cockburn Town;20556;430.0;English
214;Chad;N'Djamena;10543464;1284000.0;French
215;French Southern Territories;Port-aux-Français;140;7829.0;NO INFORMATION
216;Togo;Lomé;6587239;56785.0;French
217;Thailand;Bangkok;67089500;514000.0;NO INFORMATION
218;Tajikistan;Dushanbe;7487489;143100.0;Tajik
219;Tokelau;None;1466;10.0;
220;East Timor;Dili;1154625;15007.0;Portuguese
221;Turkmenistan;Ashgabat;4940916;488100.0;Turkmen
222;Tunisia;Tunis;10589025;163610.0;Arabic
223;Tonga;Nuku'alofa;122580;748.0;Tongan
224;Turkey;Ankara;77804122;780580.0;Turkish
225;Trinidad and Tobago;Port of Spain;1228691;5128.0;English
226;Tuvalu;Funafuti;10472;26.0;English
227;Taiwan;Taipei;22894384;35980.0;de jure
228;Tanzania;Dodoma;41892895;945087.0;Swahili
229;Ukraine;Kiev;45415596;603700.0;Formation
230;Uganda;Kampala;33398682;236040.0;English
231;U.S. Minor Outlying Islands;None;0;0.0;NO INFORMATION
232;United States;Washington;310232863;9629091.0;[a]
233;Uruguay;Montevideo;3477000;176220.0;Independence
234;Uzbekistan;Tashkent;27865738;447400.0;Uzbek
235;Vatican City;Vatican City;921;0.44;[note 1]
236;Saint Vincent and the Grenadines;Kingstown;104217;389.0;English
237;Venezuela;Caracas;27223228;912050.0;Independence
238;British Virgin Islands;Road Town;21730;153.0;English
239;U.S. Virgin Islands;Charlotte Amalie;108708;352.0;
240;Vietnam;Hanoi;89571130;329560.0;Formation
241;Vanuatu;Port Vila;221552;12200.0;Bislama
242;Wallis and Futuna;Mata-Utu;16025;274.0;
243;Samoa;Apia;192001;2944.0;Samoan
244;Kosovo;Pristina;1800000;10908.0;NO INFORMATION
245;Yemen;Sanaa;23495361;527970.0;Arabic
246;Mayotte;Mamoudzou;159042;374.0;NO INFORMATION
247;South Africa;Pretoria;49000000;1219912.0;NO INFORMATION
248;Zambia;Lusaka;13460305;752614.0;English
249;Zimbabwe;Harare;11651858;390580.0;16 languages
